JobID,State,Submit,Start,End,ExitCode,DerivedExitCode,Reason
30010130,COMPLETED,2020-04-25T13:24:54,2020-04-25T23:58:30,2020-04-26T00:05:41,0:0,0:0,QOSGrpMemLimit
30010136,COMPLETED,2020-04-25T13:25:10,2020-04-26T00:05:45,2020-04-26T00:13:55,0:0,0:0,QOSGrpMemLimit
30010141,COMPLETED,2020-04-25T13:25:29,2020-04-26T00:13:55,2020-04-26T00:21:34,0:0,0:0,QOSGrpMemLimit
30010146,COMPLETED,2020-04-25T13:25:38,2020-04-26T00:21:37,2020-04-26T00:28:56,0:0,0:0,QOSGrpMemLimit
30010149,COMPLETED,2020-04-25T13:25:44,2020-04-26T00:28:59,2020-04-26T00:36:04,0:0,0:0,QOSGrpMemLimit
30010152,COMPLETED,2020-04-25T13:25:53,2020-04-26T00:36:05,2020-04-26T00:43:05,0:0,0:0,QOSGrpMemLimit
30010153,COMPLETED,2020-04-25T13:25:59,2020-04-26T00:43:07,2020-04-26T00:50:21,0:0,0:0,QOSGrpMemLimit
30010154,COMPLETED,2020-04-25T13:26:08,2020-04-26T00:50:26,2020-04-26T00:57:57,0:0,0:0,QOSGrpMemLimit
30010157,COMPLETED,2020-04-25T13:26:16,2020-04-26T00:57:58,2020-04-26T01:05:15,0:0,0:0,QOSGrpMemLimit
30010161,COMPLETED,2020-04-25T13:26:26,2020-04-26T01:05:33,2020-04-26T01:12:53,0:0,0:0,QOSGrpMemLimit
30010165,COMPLETED,2020-04-25T13:26:32,2020-04-26T01:12:59,2020-04-26T01:19:58,0:0,0:0,QOSGrpMemLimit
30010167,COMPLETED,2020-04-25T13:26:41,2020-04-26T01:20:01,2020-04-26T01:27:18,0:0,0:0,QOSGrpMemLimit
30010169,COMPLETED,2020-04-25T13:26:47,2020-04-26T01:27:27,2020-04-26T01:34:46,0:0,0:0,QOSGrpMemLimit
30010171,COMPLETED,2020-04-25T13:26:54,2020-04-26T01:34:47,2020-04-26T01:44:27,0:0,0:0,QOSGrpMemLimit
30010172,COMPLETED,2020-04-25T13:27:02,2020-04-26T01:44:27,2020-04-26T01:51:54,0:0,0:0,QOSGrpMemLimit
30010175,COMPLETED,2020-04-25T13:27:09,2020-04-26T01:52:14,2020-04-26T01:59:27,0:0,0:0,QOSGrpMemLimit
30010179,COMPLETED,2020-04-25T13:27:18,2020-04-26T01:59:30,2020-04-26T02:06:29,0:0,0:0,QOSGrpMemLimit
30010183,COMPLETED,2020-04-25T13:27:27,2020-04-26T02:06:33,2020-04-26T02:14:07,0:0,0:0,QOSGrpMemLimit
30010187,COMPLETED,2020-04-25T13:27:36,2020-04-26T02:14:08,2020-04-26T02:22:31,0:0,0:0,QOSGrpMemLimit
30010200,COMPLETED,2020-04-25T13:27:42,2020-04-26T02:22:33,2020-04-26T02:31:16,0:0,0:0,QOSGrpMemLimit
30010204,COMPLETED,2020-04-25T13:27:47,2020-04-26T02:31:17,2020-04-26T02:39:30,0:0,0:0,QOSGrpMemLimit
30010208,COMPLETED,2020-04-25T13:27:53,2020-04-26T02:39:30,2020-04-26T02:48:55,0:0,0:0,QOSGrpMemLimit
30010458,COMPLETED,2020-04-25T13:39:04,2020-04-26T02:48:57,2020-04-26T02:49:38,0:0,0:0,QOSGrpMemLimit
30010465,COMPLETED,2020-04-25T13:39:11,2020-04-26T02:48:57,2020-04-26T02:50:04,0:0,0:0,QOSGrpMemLimit
30010473,COMPLETED,2020-04-25T13:39:17,2020-04-26T02:49:38,2020-04-26T02:49:57,0:0,0:0,QOSGrpMemLimit
30010478,COMPLETED,2020-04-25T13:39:26,2020-04-26T02:49:59,2020-04-26T02:50:38,0:0,0:0,QOSGrpMemLimit
30010482,COMPLETED,2020-04-25T13:39:35,2020-04-26T02:50:09,2020-04-26T02:50:32,0:0,0:0,QOSGrpMemLimit
30010484,COMPLETED,2020-04-25T13:39:41,2020-04-26T02:50:33,2020-04-26T02:50:54,0:0,0:0,QOSGrpMemLimit
30010485,COMPLETED,2020-04-25T13:39:49,2020-04-26T02:50:39,2020-04-26T02:51:00,0:0,0:0,QOSGrpMemLimit
30010487,COMPLETED,2020-04-25T13:39:57,2020-04-26T02:51:00,2020-04-26T02:51:17,0:0,0:0,QOSGrpMemLimit
30010488,COMPLETED,2020-04-25T13:40:05,2020-04-26T02:51:04,2020-04-26T02:51:31,0:0,0:0,QOSGrpMemLimit
30010491,COMPLETED,2020-04-25T13:40:14,2020-04-26T02:51:20,2020-04-26T02:51:44,0:0,0:0,QOSGrpMemLimit
30010494,COMPLETED,2020-04-25T13:40:20,2020-04-26T02:51:37,2020-04-26T02:52:10,0:0,0:0,QOSGrpMemLimit
30010495,COMPLETED,2020-04-25T13:40:29,2020-04-26T02:51:44,2020-04-26T02:52:08,0:0,0:0,QOSGrpMemLimit
30010520,COMPLETED,2020-04-25T13:41:47,2020-04-26T02:52:11,2020-04-26T02:58:55,0:0,0:0,QOSGrpMemLimit
30010525,COMPLETED,2020-04-25T13:41:53,2020-04-26T02:52:11,2020-04-26T02:58:57,0:0,0:0,QOSGrpMemLimit
30010526,COMPLETED,2020-04-25T13:42:10,2020-04-26T02:58:56,2020-04-26T03:05:52,0:0,0:0,QOSGrpMemLimit
30010529,COMPLETED,2020-04-25T13:42:28,2020-04-26T02:59:00,2020-04-26T03:05:40,0:0,0:0,QOSGrpMemLimit
30010532,COMPLETED,2020-04-25T13:42:33,2020-04-26T03:05:44,2020-04-26T03:12:21,0:0,0:0,QOSGrpMemLimit
30010669,COMPLETED,2020-04-25T13:53:50,2020-04-26T03:05:57,2020-04-26T03:06:22,0:0,0:0,QOSGrpMemLimit
30010675,COMPLETED,2020-04-25T13:53:57,2020-04-26T03:06:27,2020-04-26T03:07:19,0:0,0:0,QOSGrpMemLimit
30010676,COMPLETED,2020-04-25T13:54:09,2020-04-26T03:07:20,2020-04-26T03:07:50,0:0,0:0,QOSGrpMemLimit
30010678,COMPLETED,2020-04-25T13:54:15,2020-04-26T03:07:51,2020-04-26T03:08:17,0:0,0:0,QOSGrpMemLimit
30010683,COMPLETED,2020-04-25T13:54:22,2020-04-26T03:08:19,2020-04-26T03:09:29,0:0,0:0,QOSGrpMemLimit
30010685,COMPLETED,2020-04-25T13:54:30,2020-04-26T03:09:33,2020-04-26T03:09:56,0:0,0:0,QOSGrpMemLimit
30010687,COMPLETED,2020-04-25T13:54:38,2020-04-26T03:09:57,2020-04-26T03:10:27,0:0,0:0,QOSGrpMemLimit
30010689,COMPLETED,2020-04-25T13:54:52,2020-04-26T03:10:28,2020-04-26T03:11:13,0:0,0:0,QOSGrpMemLimit
30010691,COMPLETED,2020-04-25T13:55:00,2020-04-26T03:11:14,2020-04-26T03:11:42,0:0,0:0,QOSGrpMemLimit
30010695,COMPLETED,2020-04-25T13:55:05,2020-04-26T03:11:43,2020-04-26T03:12:13,0:0,0:0,QOSGrpMemLimit
30010697,COMPLETED,2020-04-25T13:55:14,2020-04-26T03:12:16,2020-04-26T03:12:42,0:0,0:0,QOSGrpMemLimit
30010699,COMPLETED,2020-04-25T13:55:21,2020-04-26T03:12:22,2020-04-26T03:12:55,0:0,0:0,QOSGrpMemLimit
30010727,COMPLETED,2020-04-25T13:56:28,2020-04-26T03:12:43,2020-04-26T03:13:13,0:0,0:0,QOSGrpMemLimit
30010728,COMPLETED,2020-04-25T13:56:34,2020-04-26T03:13:11,2020-04-26T03:13:51,0:0,0:0,QOSGrpMemLimit
30010732,COMPLETED,2020-04-25T13:56:40,2020-04-26T03:13:17,2020-04-26T03:14:11,0:0,0:0,QOSGrpMemLimit
30010736,COMPLETED,2020-04-25T13:56:45,2020-04-26T03:13:54,2020-04-26T03:14:36,0:0,0:0,QOSGrpMemLimit
30010738,COMPLETED,2020-04-25T13:56:51,2020-04-26T03:14:14,2020-04-26T03:14:44,0:0,0:0,QOSGrpMemLimit
30010741,COMPLETED,2020-04-25T13:56:58,2020-04-26T03:14:36,2020-04-26T03:15:17,0:0,0:0,QOSGrpMemLimit
30010743,COMPLETED,2020-04-25T13:57:05,2020-04-26T03:14:45,2020-04-26T03:15:18,0:0,0:0,QOSGrpMemLimit
30010744,COMPLETED,2020-04-25T13:57:13,2020-04-26T03:15:18,2020-04-26T03:15:55,0:0,0:0,QOSGrpMemLimit
30010747,COMPLETED,2020-04-25T13:57:20,2020-04-26T03:15:22,2020-04-26T03:15:44,0:0,0:0,QOSGrpMemLimit
30010749,COMPLETED,2020-04-25T13:57:49,2020-04-26T03:15:45,2020-04-26T03:16:21,0:0,0:0,QOSGrpMemLimit
30010755,COMPLETED,2020-04-25T13:58:18,2020-04-26T03:15:58,2020-04-26T03:16:25,0:0,0:0,QOSGrpMemLimit
30010766,COMPLETED,2020-04-25T13:58:24,2020-04-26T03:16:22,2020-04-26T03:16:46,0:0,0:0,QOSGrpMemLimit
30010796,COMPLETED,2020-04-25T13:59:31,2020-04-26T03:16:28,2020-04-26T03:23:31,0:0,0:0,QOSGrpMemLimit
30010799,COMPLETED,2020-04-25T13:59:40,2020-04-26T03:16:48,2020-04-26T03:23:53,0:0,0:0,QOSGrpMemLimit
30010800,COMPLETED,2020-04-25T13:59:48,2020-04-26T03:23:49,2020-04-26T03:31:11,0:0,0:0,QOSGrpMemLimit
30010802,COMPLETED,2020-04-25T13:59:56,2020-04-26T03:23:58,2020-04-26T03:31:33,0:0,0:0,QOSGrpMemLimit
30010804,COMPLETED,2020-04-25T14:00:02,2020-04-26T03:31:31,2020-04-26T03:38:18,0:0,0:0,QOSGrpMemLimit
30010805,COMPLETED,2020-04-25T14:00:10,2020-04-26T03:31:53,2020-04-26T03:39:00,0:0,0:0,QOSGrpMemLimit
30010807,COMPLETED,2020-04-25T14:00:16,2020-04-26T03:38:19,2020-04-26T03:45:20,0:0,0:0,QOSGrpMemLimit
30010808,COMPLETED,2020-04-25T14:00:24,2020-04-26T03:39:01,2020-04-26T03:45:50,0:0,0:0,QOSGrpMemLimit
30010816,COMPLETED,2020-04-25T14:00:31,2020-04-26T03:45:21,2020-04-26T03:53:21,0:0,0:0,QOSGrpMemLimit
30010820,COMPLETED,2020-04-25T14:00:37,2020-04-26T03:45:53,2020-04-26T03:53:28,0:0,0:0,QOSGrpMemLimit
30010821,COMPLETED,2020-04-25T14:00:43,2020-04-26T03:53:23,2020-04-26T04:03:10,0:0,0:0,QOSGrpMemLimit
30010824,COMPLETED,2020-04-25T14:00:50,2020-04-26T03:53:33,2020-04-26T04:01:20,0:0,0:0,QOSGrpMemLimit
30010832,COMPLETED,2020-04-25T14:02:07,2020-04-26T04:01:24,2020-04-26T04:02:11,0:0,0:0,QOSGrpMemLimit
30010848,COMPLETED,2020-04-25T14:02:12,2020-04-26T04:02:12,2020-04-26T04:02:50,0:0,0:0,QOSGrpMemLimit
30010857,COMPLETED,2020-04-25T14:02:33,2020-04-26T04:02:52,2020-04-26T04:03:19,0:0,0:0,QOSGrpMemLimit
30010865,COMPLETED,2020-04-25T14:02:42,2020-04-26T04:03:16,2020-04-26T04:03:50,0:0,0:0,QOSGrpMemLimit
30010871,COMPLETED,2020-04-25T14:02:49,2020-04-26T04:03:22,2020-04-26T04:04:05,0:0,0:0,QOSGrpMemLimit
30010873,COMPLETED,2020-04-25T14:02:56,2020-04-26T04:03:52,2020-04-26T04:04:21,0:0,0:0,QOSGrpMemLimit
30010876,COMPLETED,2020-04-25T14:03:05,2020-04-26T04:04:08,2020-04-26T04:05:11,0:0,0:0,QOSGrpMemLimit
30010881,COMPLETED,2020-04-25T14:03:12,2020-04-26T04:05:12,2020-04-26T04:05:44,0:0,0:0,QOSGrpMemLimit
30010882,COMPLETED,2020-04-25T14:03:17,2020-04-26T04:04:21,2020-04-26T04:05:44,0:0,0:0,QOSGrpMemLimit
30010883,COMPLETED,2020-04-25T14:03:23,2020-04-26T04:05:45,2020-04-26T04:06:38,0:0,0:0,QOSGrpMemLimit
30010884,COMPLETED,2020-04-25T14:03:29,2020-04-26T04:05:45,2020-04-26T04:07:09,0:0,0:0,QOSGrpMemLimit
30010886,COMPLETED,2020-04-25T14:03:38,2020-04-26T04:06:41,2020-04-26T04:07:11,0:0,0:0,QOSGrpMemLimit
30010900,COMPLETED,2020-04-25T14:04:45,2020-04-26T04:07:17,2020-04-26T04:15:38,0:0,0:0,QOSGrpMemLimit
30010901,COMPLETED,2020-04-25T14:05:00,2020-04-26T04:07:17,2020-04-26T04:14:47,0:0,0:0,QOSGrpMemLimit
30010907,COMPLETED,2020-04-25T14:05:08,2020-04-26T04:14:48,2020-04-26T04:22:20,0:0,0:0,QOSGrpMemLimit
30010910,COMPLETED,2020-04-25T14:05:14,2020-04-26T04:15:39,2020-04-26T04:22:44,0:0,0:0,QOSGrpMemLimit
30010911,COMPLETED,2020-04-25T14:05:29,2020-04-26T04:22:23,2020-04-26T04:30:36,0:0,0:0,QOSGrpMemLimit
30010915,COMPLETED,2020-04-25T14:05:42,2020-04-26T04:22:44,2020-04-26T04:29:46,0:0,0:0,QOSGrpMemLimit
30010919,COMPLETED,2020-04-25T14:06:01,2020-04-26T04:30:08,2020-04-26T04:36:57,0:0,0:0,QOSGrpMemLimit
30010922,COMPLETED,2020-04-25T14:06:10,2020-04-26T04:30:37,2020-04-26T04:37:33,0:0,0:0,QOSGrpMemLimit
30010926,COMPLETED,2020-04-25T14:06:17,2020-04-26T04:36:58,2020-04-26T04:46:08,0:0,0:0,QOSGrpMemLimit
30010930,COMPLETED,2020-04-25T14:06:24,2020-04-26T04:37:33,2020-04-26T04:44:26,0:0,0:0,QOSGrpMemLimit
30010934,COMPLETED,2020-04-25T14:06:31,2020-04-26T04:44:35,2020-04-26T04:52:08,0:0,0:0,QOSGrpMemLimit
30010938,COMPLETED,2020-04-25T14:06:37,2020-04-26T04:46:09,2020-04-26T04:52:59,0:0,0:0,QOSGrpMemLimit
30010954,COMPLETED,2020-04-25T14:07:43,2020-04-26T04:52:09,2020-04-26T05:00:17,0:0,0:0,QOSGrpMemLimit
30010955,COMPLETED,2020-04-25T14:07:50,2020-04-26T04:53:01,2020-04-26T05:00:34,0:0,0:0,QOSGrpMemLimit
30010957,COMPLETED,2020-04-25T14:07:59,2020-04-26T05:00:20,2020-04-26T05:07:39,0:0,0:0,QOSGrpMemLimit
30010958,COMPLETED,2020-04-25T14:08:08,2020-04-26T05:00:35,2020-04-26T05:08:25,0:0,0:0,QOSGrpMemLimit
30010964,COMPLETED,2020-04-25T14:08:15,2020-04-26T05:07:45,2020-04-26T05:14:56,0:0,0:0,QOSGrpMemLimit
30010972,COMPLETED,2020-04-25T14:08:22,2020-04-26T05:08:28,2020-04-26T05:15:18,0:0,0:0,QOSGrpMemLimit
30010985,COMPLETED,2020-04-25T14:08:28,2020-04-26T05:14:57,2020-04-26T05:22:38,0:0,0:0,QOSGrpMemLimit
30010991,COMPLETED,2020-04-25T14:08:34,2020-04-26T05:15:20,2020-04-26T05:22:09,0:0,0:0,QOSGrpMemLimit
30010995,COMPLETED,2020-04-25T14:08:39,2020-04-26T05:22:14,2020-04-26T05:29:04,0:0,0:0,QOSGrpMemLimit
30010996,COMPLETED,2020-04-25T14:08:46,2020-04-26T05:22:44,2020-04-26T05:29:43,0:0,0:0,QOSGrpMemLimit
30010997,COMPLETED,2020-04-25T14:08:52,2020-04-26T05:29:05,2020-04-26T05:36:57,0:0,0:0,QOSGrpMemLimit
30011000,COMPLETED,2020-04-25T14:09:00,2020-04-26T05:29:45,2020-04-26T05:36:36,0:0,0:0,QOSGrpMemLimit
30011001,COMPLETED,2020-04-25T14:09:14,2020-04-26T05:36:39,2020-04-26T05:43:27,0:0,0:0,QOSGrpMemLimit
30011003,COMPLETED,2020-04-25T14:09:32,2020-04-26T05:36:58,2020-04-26T05:43:48,0:0,0:0,QOSGrpMemLimit
30011005,COMPLETED,2020-04-25T14:09:46,2020-04-26T05:43:30,2020-04-26T05:51:06,0:0,0:0,QOSGrpMemLimit
30011010,COMPLETED,2020-04-25T14:09:52,2020-04-26T05:43:50,2020-04-26T05:51:11,0:0,0:0,QOSGrpMemLimit
30011012,COMPLETED,2020-04-25T14:10:11,2020-04-26T05:51:07,2020-04-26T05:58:03,0:0,0:0,QOSGrpMemLimit
30011014,COMPLETED,2020-04-25T14:10:20,2020-04-26T05:51:15,2020-04-26T05:58:03,0:0,0:0,QOSGrpMemLimit
30011017,COMPLETED,2020-04-25T14:10:28,2020-04-26T05:58:04,2020-04-26T06:04:48,0:0,0:0,QOSGrpMemLimit
30011020,COMPLETED,2020-04-25T14:10:37,2020-04-26T05:58:04,2020-04-26T06:04:58,0:0,0:0,QOSGrpMemLimit
30011030,COMPLETED,2020-04-25T14:11:43,2020-04-26T06:04:49,2020-04-26T06:11:59,0:0,0:0,QOSGrpMemLimit
30011032,COMPLETED,2020-04-25T14:11:51,2020-04-26T06:05:09,2020-04-26T06:13:56,0:0,0:0,QOSGrpMemLimit
30011037,COMPLETED,2020-04-25T14:11:57,2020-04-26T06:12:02,2020-04-26T06:18:45,0:0,0:0,QOSGrpMemLimit
30011040,COMPLETED,2020-04-25T14:12:02,2020-04-26T06:14:01,2020-04-26T06:20:37,0:0,0:0,QOSGrpMemLimit
30011042,COMPLETED,2020-04-25T14:12:08,2020-04-26T06:18:49,2020-04-26T06:27:03,0:0,0:0,QOSGrpMemLimit
30011051,COMPLETED,2020-04-25T14:13:33,2020-04-26T06:20:41,2020-04-26T06:27:11,0:0,0:0,QOSGrpMemLimit
30011054,COMPLETED,2020-04-25T14:13:52,2020-04-26T06:27:04,2020-04-26T06:33:42,0:0,0:0,QOSGrpMemLimit
30011061,COMPLETED,2020-04-25T14:14:12,2020-04-26T06:27:13,2020-04-26T06:34:01,0:0,0:0,QOSGrpMemLimit
30011065,COMPLETED,2020-04-25T14:14:18,2020-04-26T06:34:01,2020-04-26T06:40:57,0:0,0:0,QOSGrpMemLimit
30011069,COMPLETED,2020-04-25T14:14:25,2020-04-26T06:34:19,2020-04-26T06:41:01,0:0,0:0,QOSGrpMemLimit
30011098,TIMEOUT,2020-04-25T14:15:34,2020-04-26T06:41:01,2020-04-26T06:56:07,0:0,0:0,QOSGrpMemLimit
30011100,TIMEOUT,2020-04-25T14:15:44,2020-04-26T06:41:01,2020-04-26T06:56:08,0:0,0:0,QOSGrpMemLimit
30011109,COMPLETED,2020-04-25T14:15:59,2020-04-26T06:56:23,2020-04-26T07:03:39,0:0,0:0,QOSGrpMemLimit
30011111,COMPLETED,2020-04-25T14:16:05,2020-04-26T06:56:23,2020-04-26T07:03:42,0:0,0:0,QOSGrpMemLimit
30011114,COMPLETED,2020-04-25T14:16:11,2020-04-26T07:03:43,2020-04-26T07:10:31,0:0,0:0,QOSGrpMemLimit
30011115,COMPLETED,2020-04-25T14:16:16,2020-04-26T07:03:43,2020-04-26T07:10:55,0:0,0:0,QOSGrpMemLimit
30011116,COMPLETED,2020-04-25T14:16:22,2020-04-26T07:10:31,2020-04-26T07:17:18,0:0,0:0,QOSGrpMemLimit
30011117,COMPLETED,2020-04-25T14:16:27,2020-04-26T07:10:59,2020-04-26T07:17:48,0:0,0:0,QOSGrpMemLimit
30011119,COMPLETED,2020-04-25T14:16:36,2020-04-26T07:17:19,2020-04-26T07:24:29,0:0,0:0,QOSGrpMemLimit
30011122,COMPLETED,2020-04-25T14:16:47,2020-04-26T07:17:51,2020-04-26T07:24:38,0:0,0:0,QOSGrpMemLimit
30011123,COMPLETED,2020-04-25T14:17:05,2020-04-26T07:24:32,2020-04-26T07:34:00,0:0,0:0,QOSGrpMemLimit
30011127,COMPLETED,2020-04-25T14:17:19,2020-04-26T07:24:44,2020-04-26T07:31:43,0:0,0:0,QOSGrpMemLimit
30011393,COMPLETED,2020-04-25T14:28:27,2020-04-26T07:31:45,2020-04-26T07:43:12,0:0,0:0,QOSGrpMemLimit
30011397,COMPLETED,2020-04-25T14:28:36,2020-04-26T07:34:05,2020-04-26T07:42:46,0:0,0:0,QOSGrpMemLimit
30011407,COMPLETED,2020-04-25T14:28:44,2020-04-26T07:42:53,2020-04-26T07:51:42,0:0,0:0,QOSGrpMemLimit
30011411,COMPLETED,2020-04-25T14:28:50,2020-04-26T07:43:12,2020-04-26T07:51:43,0:0,0:0,QOSGrpMemLimit
30011414,COMPLETED,2020-04-25T14:28:57,2020-04-26T07:51:43,2020-04-26T08:01:47,0:0,0:0,QOSGrpMemLimit
30067745,COMPLETED,2020-04-26T21:53:24,2020-04-26T21:53:39,2020-04-26T21:58:59,0:0,0:0,None
30068560,COMPLETED,2020-04-26T22:01:12,2020-04-26T22:01:16,2020-04-26T22:08:20,0:0,0:0,None
30068564,COMPLETED,2020-04-26T22:01:23,2020-04-26T22:01:27,2020-04-26T22:08:21,0:0,0:0,None
30068570,COMPLETED,2020-04-26T22:01:32,2020-04-26T22:08:20,2020-04-26T22:17:31,0:0,0:0,QOSGrpMemLimit
30068588,COMPLETED,2020-04-26T22:01:39,2020-04-26T22:08:48,2020-04-26T22:17:00,0:0,0:0,QOSGrpMemLimit
30068601,COMPLETED,2020-04-26T22:01:49,2020-04-26T22:17:13,2020-04-26T22:24:59,0:0,0:0,QOSGrpMemLimit
30068621,COMPLETED,2020-04-26T22:01:58,2020-04-26T22:17:33,2020-04-26T22:25:24,0:0,0:0,QOSGrpMemLimit
30068631,COMPLETED,2020-04-26T22:02:05,2020-04-26T22:25:04,2020-04-26T22:34:52,0:0,0:0,QOSGrpMemLimit
30068635,COMPLETED,2020-04-26T22:02:11,2020-04-26T22:25:25,2020-04-26T22:34:55,0:0,0:0,QOSGrpMemLimit
30068638,COMPLETED,2020-04-26T22:02:19,2020-04-26T22:35:35,2020-04-26T22:43:25,0:0,0:0,QOSGrpMemLimit
30068641,COMPLETED,2020-04-26T22:02:25,2020-04-26T22:35:35,2020-04-26T22:42:27,0:0,0:0,QOSGrpMemLimit
30068642,COMPLETED,2020-04-26T22:02:31,2020-04-26T22:43:28,2020-04-26T22:51:03,0:0,0:0,QOSGrpMemLimit
30068643,TIMEOUT,2020-04-26T22:02:37,2020-04-26T22:42:29,2020-04-26T22:58:05,0:0,0:0,QOSGrpMemLimit
30068935,TIMEOUT,2020-04-26T22:06:17,2020-04-26T22:06:17,2020-04-26T22:07:25,0:0,0:0,Cleaning
30068945,COMPLETED,2020-04-26T22:06:52,2020-04-26T22:06:52,2020-04-26T22:39:08,0:0,0:0,None
30072901,FAILED,2020-04-26T22:51:20,2020-04-26T22:51:20,2020-04-26T22:57:45,1:0,0:0,None
30073695,COMPLETED,2020-04-26T23:03:04,2020-04-26T23:03:07,2020-04-26T23:08:45,0:0,0:0,None
30075127,COMPLETED,2020-04-26T23:22:44,2020-04-26T23:22:44,2020-04-26T23:27:48,0:0,0:0,Cleaning
30075650,COMPLETED,2020-04-26T23:29:24,2020-04-26T23:29:26,2020-04-26T23:31:00,0:0,0:0,None
30075685,COMPLETED,2020-04-26T23:29:30,2020-04-26T23:29:30,2020-04-26T23:30:44,0:0,0:0,None
30075691,COMPLETED,2020-04-26T23:29:35,2020-04-26T23:31:00,2020-04-26T23:33:03,0:0,0:0,QOSGrpMemLimit
30075699,COMPLETED,2020-04-26T23:29:41,2020-04-26T23:31:00,2020-04-26T23:33:08,0:0,0:0,QOSGrpMemLimit
30075700,COMPLETED,2020-04-26T23:30:17,2020-04-26T23:33:08,2020-04-26T23:34:23,0:0,0:0,QOSGrpMemLimit
30075709,COMPLETED,2020-04-26T23:30:25,2020-04-26T23:33:13,2020-04-26T23:34:29,0:0,0:0,QOSGrpMemLimit
30075842,COMPLETED,2020-04-26T23:30:44,2020-04-26T23:34:28,2020-04-26T23:35:30,0:0,0:0,QOSGrpMemLimit
30075848,COMPLETED,2020-04-26T23:31:00,2020-04-26T23:34:33,2020-04-26T23:35:18,0:0,0:0,QOSGrpMemLimit
30075849,COMPLETED,2020-04-26T23:31:14,2020-04-26T23:35:23,2020-04-26T23:36:11,0:0,0:0,QOSGrpMemLimit
30075850,COMPLETED,2020-04-26T23:31:31,2020-04-26T23:35:33,2020-04-26T23:36:12,0:0,0:0,QOSGrpMemLimit
30076041,COMPLETED,2020-04-26T23:31:49,2020-04-26T23:36:13,2020-04-26T23:38:13,0:0,0:0,QOSGrpMemLimit
30076043,COMPLETED,2020-04-26T23:32:07,2020-04-26T23:36:14,2020-04-26T23:37:02,0:0,0:0,QOSGrpMemLimit
30076049,COMPLETED,2020-04-26T23:32:13,2020-04-26T23:37:17,2020-04-26T23:38:15,0:0,0:0,QOSGrpMemLimit
30076051,COMPLETED,2020-04-26T23:32:19,2020-04-26T23:38:14,2020-04-26T23:39:23,0:0,0:0,QOSGrpMemLimit
30076052,COMPLETED,2020-04-26T23:32:24,2020-04-26T23:38:29,2020-04-26T23:39:23,0:0,0:0,QOSGrpMemLimit
30076053,COMPLETED,2020-04-26T23:32:40,2020-04-26T23:39:23,2020-04-26T23:40:56,0:0,0:0,QOSGrpMemLimit
30076063,COMPLETED,2020-04-26T23:32:46,2020-04-26T23:39:26,2020-04-26T23:40:56,0:0,0:0,QOSGrpMemLimit
30076064,COMPLETED,2020-04-26T23:32:52,2020-04-26T23:41:00,2020-04-26T23:41:47,0:0,0:0,QOSGrpMemLimit
30076065,COMPLETED,2020-04-26T23:32:58,2020-04-26T23:41:00,2020-04-26T23:41:50,0:0,0:0,QOSGrpMemLimit
30076066,COMPLETED,2020-04-26T23:33:08,2020-04-26T23:41:47,2020-04-26T23:42:30,0:0,0:0,QOSGrpMemLimit
30076068,COMPLETED,2020-04-26T23:33:18,2020-04-26T23:41:51,2020-04-26T23:43:00,0:0,0:0,QOSGrpMemLimit
30076069,COMPLETED,2020-04-26T23:33:28,2020-04-26T23:42:33,2020-04-26T23:43:36,0:0,0:0,QOSGrpMemLimit
30076072,COMPLETED,2020-04-26T23:33:48,2020-04-26T23:43:00,2020-04-26T23:44:00,0:0,0:0,QOSGrpMemLimit
30076107,COMPLETED,2020-04-26T23:33:56,2020-04-26T23:43:39,2020-04-26T23:45:30,0:0,0:0,QOSGrpMemLimit
30076113,COMPLETED,2020-04-26T23:34:04,2020-04-26T23:44:02,2020-04-26T23:45:18,0:0,0:0,QOSGrpMemLimit
30076114,COMPLETED,2020-04-26T23:34:09,2020-04-26T23:45:19,2020-04-26T23:46:38,0:0,0:0,QOSGrpMemLimit
30076117,COMPLETED,2020-04-26T23:34:15,2020-04-26T23:45:54,2020-04-26T23:47:03,0:0,0:0,QOSGrpMemLimit
30076119,COMPLETED,2020-04-26T23:34:23,2020-04-26T23:46:39,2020-04-26T23:47:54,0:0,0:0,QOSGrpMemLimit
30076121,COMPLETED,2020-04-26T23:34:29,2020-04-26T23:47:06,2020-04-26T23:48:34,0:0,0:0,QOSGrpMemLimit
30076122,COMPLETED,2020-04-26T23:34:34,2020-04-26T23:47:58,2020-04-26T23:49:01,0:0,0:0,QOSGrpMemLimit
30076123,COMPLETED,2020-04-26T23:34:40,2020-04-26T23:48:38,2020-04-26T23:49:32,0:0,0:0,QOSGrpMemLimit
30076124,COMPLETED,2020-04-26T23:34:45,2020-04-26T23:49:07,2020-04-26T23:49:59,0:0,0:0,QOSGrpMemLimit
30076126,COMPLETED,2020-04-26T23:34:51,2020-04-26T23:49:32,2020-04-26T23:50:34,0:0,0:0,QOSGrpMemLimit
30076127,COMPLETED,2020-04-26T23:34:57,2020-04-26T23:50:02,2020-04-26T23:50:47,0:0,0:0,QOSGrpMemLimit
30076128,COMPLETED,2020-04-26T23:35:06,2020-04-26T23:50:35,2020-04-26T23:51:29,0:0,0:0,QOSGrpMemLimit
30076134,COMPLETED,2020-04-26T23:35:14,2020-04-26T23:50:49,2020-04-26T23:51:29,0:0,0:0,QOSGrpMemLimit
30076144,COMPLETED,2020-04-26T23:35:24,2020-04-26T23:51:48,2020-04-26T23:53:19,0:0,0:0,QOSGrpMemLimit
30076155,COMPLETED,2020-04-26T23:35:30,2020-04-26T23:51:48,2020-04-26T23:53:24,0:0,0:0,QOSGrpMemLimit
30076166,COMPLETED,2020-04-26T23:35:38,2020-04-26T23:53:21,2020-04-26T23:53:57,0:0,0:0,QOSGrpMemLimit
30076226,COMPLETED,2020-04-26T23:36:00,2020-04-26T23:53:26,2020-04-26T23:54:27,0:0,0:0,QOSGrpMemLimit
30076234,COMPLETED,2020-04-26T23:36:05,2020-04-26T23:53:57,2020-04-26T23:54:53,0:0,0:0,QOSGrpMemLimit
30076341,COMPLETED,2020-04-26T23:36:12,2020-04-26T23:54:27,2020-04-26T23:55:14,0:0,0:0,QOSGrpMemLimit
30076357,COMPLETED,2020-04-26T23:36:18,2020-04-26T23:54:53,2020-04-26T23:55:47,0:0,0:0,QOSGrpMemLimit
30076364,COMPLETED,2020-04-26T23:36:24,2020-04-26T23:55:17,2020-04-26T23:56:46,0:0,0:0,QOSGrpMemLimit
30076372,COMPLETED,2020-04-26T23:36:29,2020-04-26T23:55:48,2020-04-26T23:57:06,0:0,0:0,QOSGrpMemLimit
30076381,COMPLETED,2020-04-26T23:36:34,2020-04-26T23:56:50,2020-04-26T23:57:44,0:0,0:0,QOSGrpMemLimit
30076388,COMPLETED,2020-04-26T23:36:40,2020-04-26T23:57:08,2020-04-26T23:58:19,0:0,0:0,QOSGrpMemLimit
30076417,COMPLETED,2020-04-26T23:37:01,2020-04-26T23:57:46,2020-04-26T23:59:02,0:0,0:0,QOSGrpMemLimit
30076426,COMPLETED,2020-04-26T23:37:18,2020-04-26T23:58:34,2020-04-26T23:59:36,0:0,0:0,QOSGrpMemLimit
30076463,COMPLETED,2020-04-26T23:38:30,2020-04-26T23:59:18,2020-04-27T00:00:35,0:0,0:0,QOSGrpMemLimit
30076466,COMPLETED,2020-04-26T23:38:50,2020-04-26T23:59:50,2020-04-27T00:01:03,0:0,0:0,QOSGrpMemLimit
30076470,COMPLETED,2020-04-26T23:39:06,2020-04-27T00:00:39,2020-04-27T00:01:19,0:0,0:0,QOSGrpMemLimit
30076474,COMPLETED,2020-04-26T23:39:15,2020-04-27T00:01:24,2020-04-27T00:02:45,0:0,0:0,QOSGrpMemLimit
30076667,COMPLETED,2020-04-26T23:39:23,2020-04-27T00:01:24,2020-04-27T00:02:12,0:0,0:0,QOSGrpMemLimit
30076675,COMPLETED,2020-04-26T23:39:29,2020-04-27T00:02:15,2020-04-27T00:06:32,0:0,0:0,QOSGrpMemLimit
30076677,COMPLETED,2020-04-26T23:39:36,2020-04-27T00:02:52,2020-04-27T00:03:42,0:0,0:0,QOSGrpMemLimit
30076680,COMPLETED,2020-04-26T23:39:43,2020-04-27T00:03:43,2020-04-27T00:05:05,0:0,0:0,QOSGrpMemLimit
30076683,COMPLETED,2020-04-26T23:39:51,2020-04-27T00:05:06,2020-04-27T00:06:31,0:0,0:0,QOSGrpMemLimit
30076687,COMPLETED,2020-04-26T23:39:59,2020-04-27T00:06:47,2020-04-27T00:07:40,0:0,0:0,QOSGrpMemLimit
30076692,COMPLETED,2020-04-26T23:40:06,2020-04-27T00:06:52,2020-04-27T00:13:27,0:0,0:0,QOSGrpMemLimit
30076699,COMPLETED,2020-04-26T23:40:13,2020-04-27T00:07:41,2020-04-27T00:09:20,0:0,0:0,QOSGrpMemLimit
30076702,COMPLETED,2020-04-26T23:40:21,2020-04-27T00:09:36,2020-04-27T00:13:22,0:0,0:0,QOSGrpMemLimit
30076706,COMPLETED,2020-04-26T23:40:27,2020-04-27T00:13:36,2020-04-27T00:14:15,0:0,0:0,QOSGrpMemLimit
30076715,COMPLETED,2020-04-26T23:40:33,2020-04-27T00:13:37,2020-04-27T00:14:19,0:0,0:0,QOSGrpMemLimit
30076719,COMPLETED,2020-04-26T23:40:42,2020-04-27T00:14:17,2020-04-27T00:15:43,0:0,0:0,QOSGrpMemLimit
30076724,COMPLETED,2020-04-26T23:40:54,2020-04-27T00:14:21,2020-04-27T00:15:59,0:0,0:0,QOSGrpMemLimit
30076725,COMPLETED,2020-04-26T23:41:02,2020-04-27T00:15:58,2020-04-27T00:17:51,0:0,0:0,QOSGrpMemLimit
30076730,COMPLETED,2020-04-26T23:41:19,2020-04-27T00:16:14,2020-04-27T00:17:41,0:0,0:0,QOSGrpMemLimit
30076764,COMPLETED,2020-04-26T23:41:31,2020-04-27T00:17:41,2020-04-27T00:18:42,0:0,0:0,QOSGrpMemLimit
30076766,COMPLETED,2020-04-26T23:41:38,2020-04-27T00:17:53,2020-04-27T00:19:18,0:0,0:0,QOSGrpMemLimit
30076768,COMPLETED,2020-04-26T23:41:45,2020-04-27T00:18:43,2020-04-27T00:20:33,0:0,0:0,QOSGrpMemLimit
30076769,COMPLETED,2020-04-26T23:41:52,2020-04-27T00:19:20,2020-04-27T00:20:33,0:0,0:0,QOSGrpMemLimit
30076771,COMPLETED,2020-04-26T23:41:58,2020-04-27T00:20:50,2020-04-27T00:22:15,0:0,0:0,QOSGrpMemLimit
30076772,COMPLETED,2020-04-26T23:42:04,2020-04-27T00:20:50,2020-04-27T00:22:30,0:0,0:0,QOSGrpMemLimit
30076773,COMPLETED,2020-04-26T23:42:10,2020-04-27T00:22:18,2020-04-27T00:23:21,0:0,0:0,QOSGrpMemLimit
30076775,COMPLETED,2020-04-26T23:42:19,2020-04-27T00:22:32,2020-04-27T00:23:31,0:0,0:0,QOSGrpMemLimit
30076816,COMPLETED,2020-04-26T23:42:26,2020-04-27T00:23:23,2020-04-27T00:24:40,0:0,0:0,QOSGrpMemLimit
30076821,COMPLETED,2020-04-26T23:42:34,2020-04-27T00:23:33,2020-04-27T00:24:40,0:0,0:0,QOSGrpMemLimit
30076920,COMPLETED,2020-04-26T23:42:42,2020-04-27T00:24:58,2020-04-27T00:26:40,0:0,0:0,QOSGrpMemLimit
30076922,COMPLETED,2020-04-26T23:42:47,2020-04-27T00:24:58,2020-04-27T00:26:18,0:0,0:0,QOSGrpMemLimit
30076925,COMPLETED,2020-04-26T23:42:53,2020-04-27T00:26:24,2020-04-27T00:27:23,0:0,0:0,QOSGrpMemLimit
30076926,COMPLETED,2020-04-26T23:42:58,2020-04-27T00:26:41,2020-04-27T00:28:22,0:0,0:0,QOSGrpMemLimit
30076929,COMPLETED,2020-04-26T23:43:04,2020-04-27T00:27:23,2020-04-27T00:28:39,0:0,0:0,QOSGrpMemLimit
30077813,COMPLETED,2020-04-26T23:56:14,2020-04-27T00:28:39,2020-04-27T00:32:00,0:0,0:0,QOSGrpMemLimit
30077814,COMPLETED,2020-04-26T23:56:20,2020-04-27T00:28:54,2020-04-27T00:33:07,0:0,0:0,QOSGrpMemLimit
30077816,COMPLETED,2020-04-26T23:56:26,2020-04-27T00:32:16,2020-04-27T00:36:51,0:0,0:0,QOSGrpMemLimit
30077823,COMPLETED,2020-04-26T23:56:34,2020-04-27T00:33:23,2020-04-27T00:38:25,0:0,0:0,QOSGrpMemLimit
30077826,COMPLETED,2020-04-26T23:56:40,2020-04-27T00:37:07,2020-04-27T00:44:23,0:0,0:0,QOSGrpMemLimit
30077830,COMPLETED,2020-04-26T23:56:46,2020-04-27T00:38:27,2020-04-27T00:42:44,0:0,0:0,QOSGrpMemLimit
30077831,COMPLETED,2020-04-26T23:56:55,2020-04-27T00:42:45,2020-04-27T01:08:16,0:0,0:0,QOSGrpMemLimit
30077833,COMPLETED,2020-04-26T23:57:04,2020-04-27T00:44:23,2020-04-27T00:59:11,0:0,0:0,QOSGrpMemLimit
30077835,COMPLETED,2020-04-26T23:57:10,2020-04-27T00:59:12,2020-04-27T01:12:37,0:0,0:0,QOSGrpMemLimit
30077838,COMPLETED,2020-04-26T23:57:16,2020-04-27T01:08:16,2020-04-27T01:12:37,0:0,0:0,QOSGrpMemLimit
30077843,COMPLETED,2020-04-26T23:57:24,2020-04-27T01:12:58,2020-04-27T01:17:24,0:0,0:0,QOSGrpMemLimit
30077944,COMPLETED,2020-04-26T23:57:29,2020-04-27T01:12:58,2020-04-27T01:17:39,0:0,0:0,QOSGrpMemLimit
30077981,COMPLETED,2020-04-26T23:57:34,2020-04-27T01:17:38,2020-04-27T01:22:25,0:0,0:0,QOSGrpMemLimit
30077982,COMPLETED,2020-04-26T23:57:39,2020-04-27T01:17:42,2020-04-27T01:22:50,0:0,0:0,QOSGrpMemLimit
30077984,COMPLETED,2020-04-26T23:57:45,2020-04-27T01:22:25,2020-04-27T01:27:00,0:0,0:0,QOSGrpMemLimit
30077985,COMPLETED,2020-04-26T23:57:51,2020-04-27T01:23:00,2020-04-27T01:27:34,0:0,0:0,QOSGrpMemLimit
30078018,COMPLETED,2020-04-26T23:59:00,2020-04-27T01:27:01,2020-04-27T01:38:42,0:0,0:0,QOSGrpMemLimit
30078019,COMPLETED,2020-04-26T23:59:19,2020-04-27T01:27:51,2020-04-27T01:40:01,0:0,0:0,QOSGrpMemLimit
30078023,COMPLETED,2020-04-26T23:59:36,2020-04-27T01:38:45,2020-04-27T01:51:10,0:0,0:0,QOSGrpMemLimit
30078027,COMPLETED,2020-04-26T23:59:51,2020-04-27T01:40:04,2020-04-27T01:53:14,0:0,0:0,QOSGrpMemLimit
30078057,COMPLETED,2020-04-27T00:00:07,2020-04-27T01:51:27,2020-04-27T02:02:39,0:0,0:0,QOSGrpMemLimit
30078066,COMPLETED,2020-04-27T00:00:14,2020-04-27T01:53:15,2020-04-27T02:03:35,0:0,0:0,QOSGrpMemLimit
30078074,COMPLETED,2020-04-27T00:00:34,2020-04-27T02:02:42,2020-04-27T02:14:33,0:0,0:0,QOSGrpMemLimit
30078078,COMPLETED,2020-04-27T00:00:44,2020-04-27T02:03:37,2020-04-27T02:14:33,0:0,0:0,QOSGrpMemLimit
30078081,COMPLETED,2020-04-27T00:00:55,2020-04-27T02:14:48,2020-04-27T02:26:53,0:0,0:0,QOSGrpMemLimit
30078086,COMPLETED,2020-04-27T00:01:03,2020-04-27T02:14:48,2020-04-27T02:26:54,0:0,0:0,QOSGrpMemLimit
30078087,COMPLETED,2020-04-27T00:01:10,2020-04-27T02:26:53,2020-04-27T02:37:31,0:0,0:0,QOSGrpMemLimit
30078089,COMPLETED,2020-04-27T00:01:19,2020-04-27T02:27:00,2020-04-27T02:38:31,0:0,0:0,QOSGrpMemLimit
30078092,COMPLETED,2020-04-27T00:01:28,2020-04-27T02:37:33,2020-04-27T02:48:32,0:0,0:0,QOSGrpMemLimit
30078095,COMPLETED,2020-04-27T00:01:33,2020-04-27T02:38:34,2020-04-27T02:50:46,0:0,0:0,QOSGrpMemLimit
30078098,COMPLETED,2020-04-27T00:01:40,2020-04-27T02:48:32,2020-04-27T03:01:08,0:0,0:0,QOSGrpMemLimit
30078100,COMPLETED,2020-04-27T00:01:47,2020-04-27T02:50:46,2020-04-27T03:01:11,0:0,0:0,QOSGrpMemLimit
30078102,COMPLETED,2020-04-27T00:01:56,2020-04-27T03:01:11,2020-04-27T03:15:51,0:0,0:0,QOSGrpMemLimit
30078104,COMPLETED,2020-04-27T00:02:02,2020-04-27T03:01:14,2020-04-27T03:15:31,0:0,0:0,QOSGrpMemLimit
30078106,COMPLETED,2020-04-27T00:02:10,2020-04-27T03:15:32,2020-04-27T03:34:03,0:0,0:0,QOSGrpMemLimit
30078107,COMPLETED,2020-04-27T00:02:16,2020-04-27T03:15:56,2020-04-27T03:34:03,0:0,0:0,QOSGrpMemLimit
30078111,COMPLETED,2020-04-27T00:02:22,2020-04-27T03:34:05,2020-04-27T03:47:22,0:0,0:0,QOSGrpMemLimit
30078114,COMPLETED,2020-04-27T00:02:30,2020-04-27T03:34:05,2020-04-27T03:47:21,0:0,0:0,QOSGrpMemLimit
30078115,COMPLETED,2020-04-27T00:02:35,2020-04-27T03:47:31,2020-04-27T04:00:58,0:0,0:0,QOSGrpMemLimit
30078118,COMPLETED,2020-04-27T00:02:41,2020-04-27T03:47:31,2020-04-27T04:01:17,0:0,0:0,QOSGrpMemLimit
30078470,COMPLETED,2020-04-27T00:13:47,2020-04-27T04:01:13,2020-04-27T04:05:01,0:0,0:0,QOSGrpMemLimit
30078471,COMPLETED,2020-04-27T00:13:54,2020-04-27T04:01:22,2020-04-27T04:07:27,0:0,0:0,QOSGrpMemLimit
30078474,COMPLETED,2020-04-27T00:14:03,2020-04-27T04:05:04,2020-04-27T04:09:00,0:0,0:0,QOSGrpMemLimit
30078567,COMPLETED,2020-04-27T00:14:09,2020-04-27T04:07:29,2020-04-27T04:13:01,0:0,0:0,QOSGrpMemLimit
30078581,COMPLETED,2020-04-27T00:14:14,2020-04-27T04:09:02,2020-04-27T04:14:52,0:0,0:0,QOSGrpMemLimit
30078583,COMPLETED,2020-04-27T00:14:19,2020-04-27T04:13:04,2020-04-27T04:20:54,0:0,0:0,QOSGrpMemLimit
30078585,COMPLETED,2020-04-27T00:14:24,2020-04-27T04:15:09,2020-04-27T04:16:31,0:0,0:0,QOSGrpMemLimit
30078586,COMPLETED,2020-04-27T00:14:30,2020-04-27T04:16:31,2020-04-27T04:17:53,0:0,0:0,QOSGrpMemLimit
30078587,COMPLETED,2020-04-27T00:14:40,2020-04-27T04:17:55,2020-04-27T04:23:07,0:0,0:0,QOSGrpMemLimit
30078589,COMPLETED,2020-04-27T00:15:04,2020-04-27T04:20:55,2020-04-27T04:26:11,0:0,0:0,QOSGrpMemLimit
30078591,COMPLETED,2020-04-27T00:15:38,2020-04-27T04:23:08,2020-04-27T04:27:23,0:0,0:0,QOSGrpMemLimit
30078593,COMPLETED,2020-04-27T00:15:59,2020-04-27T04:26:11,2020-04-27T04:31:19,0:0,0:0,QOSGrpMemLimit
30078594,COMPLETED,2020-04-27T00:16:16,2020-04-27T04:27:26,2020-04-27T04:32:14,0:0,0:0,QOSGrpMemLimit
30078597,COMPLETED,2020-04-27T00:16:31,2020-04-27T04:31:20,2020-04-27T04:36:13,0:0,0:0,QOSGrpMemLimit
30078599,COMPLETED,2020-04-27T00:16:48,2020-04-27T04:32:17,2020-04-27T04:38:00,0:0,0:0,QOSGrpMemLimit
30078601,COMPLETED,2020-04-27T00:17:04,2020-04-27T04:36:15,2020-04-27T04:41:36,0:0,0:0,QOSGrpMemLimit
30078607,COMPLETED,2020-04-27T00:17:25,2020-04-27T04:38:01,2020-04-27T04:43:38,0:0,0:0,QOSGrpMemLimit
30078610,COMPLETED,2020-04-27T00:17:31,2020-04-27T04:41:38,2020-04-27T04:46:48,0:0,0:0,QOSGrpMemLimit
30078611,COMPLETED,2020-04-27T00:17:39,2020-04-27T04:43:41,2020-04-27T04:49:29,0:0,0:0,QOSGrpMemLimit
30078612,COMPLETED,2020-04-27T00:17:46,2020-04-27T04:46:51,2020-04-27T04:51:55,0:0,0:0,QOSGrpMemLimit
30078613,COMPLETED,2020-04-27T00:17:51,2020-04-27T04:49:33,2020-04-27T04:54:49,0:0,0:0,QOSGrpMemLimit
30078729,COMPLETED,2020-04-27T00:19:18,2020-04-27T04:51:55,2020-04-27T04:55:25,0:0,0:0,QOSGrpMemLimit
30078731,COMPLETED,2020-04-27T00:19:24,2020-04-27T04:54:50,2020-04-27T04:58:01,0:0,0:0,QOSGrpMemLimit
30078732,COMPLETED,2020-04-27T00:19:30,2020-04-27T04:55:28,2020-04-27T04:57:26,0:0,0:0,QOSGrpMemLimit
30078735,COMPLETED,2020-04-27T00:19:59,2020-04-27T04:57:32,2020-04-27T05:00:48,0:0,0:0,QOSGrpMemLimit
30078741,COMPLETED,2020-04-27T00:20:06,2020-04-27T04:58:04,2020-04-27T05:00:53,0:0,0:0,QOSGrpMemLimit
30078742,COMPLETED,2020-04-27T00:20:11,2020-04-27T05:00:54,2020-04-27T05:02:25,0:0,0:0,QOSGrpMemLimit
30078743,COMPLETED,2020-04-27T00:20:32,2020-04-27T05:00:54,2020-04-27T05:02:09,0:0,0:0,QOSGrpMemLimit
30078747,COMPLETED,2020-04-27T00:20:52,2020-04-27T05:02:23,2020-04-27T05:03:55,0:0,0:0,QOSGrpMemLimit
30078749,COMPLETED,2020-04-27T00:21:11,2020-04-27T05:02:40,2020-04-27T05:07:13,0:0,0:0,QOSGrpMemLimit
30078750,COMPLETED,2020-04-27T00:21:19,2020-04-27T05:03:57,2020-04-27T05:08:42,0:0,0:0,QOSGrpMemLimit
30078752,COMPLETED,2020-04-27T00:21:35,2020-04-27T05:07:14,2020-04-27T05:11:22,0:0,0:0,QOSGrpMemLimit
30078876,COMPLETED,2020-04-27T00:24:15,2020-04-27T05:08:43,2020-04-27T05:11:41,0:0,0:0,QOSGrpMemLimit
30078879,COMPLETED,2020-04-27T00:24:21,2020-04-27T05:11:25,2020-04-27T05:15:13,0:0,0:0,QOSGrpMemLimit
30078880,COMPLETED,2020-04-27T00:24:39,2020-04-27T05:11:44,2020-04-27T05:14:52,0:0,0:0,QOSGrpMemLimit
30078882,COMPLETED,2020-04-27T00:24:58,2020-04-27T05:14:54,2020-04-27T05:19:13,0:0,0:0,QOSGrpMemLimit
30078883,COMPLETED,2020-04-27T00:25:14,2020-04-27T05:15:14,2020-04-27T05:19:08,0:0,0:0,QOSGrpMemLimit
30078884,COMPLETED,2020-04-27T00:25:27,2020-04-27T05:19:12,2020-04-27T05:25:06,0:0,0:0,QOSGrpMemLimit
30078887,COMPLETED,2020-04-27T00:25:47,2020-04-27T05:19:17,2020-04-27T05:22:56,0:0,0:0,QOSGrpMemLimit
30078888,COMPLETED,2020-04-27T00:26:01,2020-04-27T05:22:56,2020-04-27T05:26:41,0:0,0:0,QOSGrpMemLimit
30078892,COMPLETED,2020-04-27T00:26:17,2020-04-27T05:25:08,2020-04-27T05:29:33,0:0,0:0,QOSGrpMemLimit
30078902,COMPLETED,2020-04-27T00:26:25,2020-04-27T05:26:55,2020-04-27T05:30:33,0:0,0:0,QOSGrpMemLimit
30078906,COMPLETED,2020-04-27T00:26:36,2020-04-27T05:29:36,2020-04-27T05:33:19,0:0,0:0,QOSGrpMemLimit
30078909,COMPLETED,2020-04-27T00:26:44,2020-04-27T05:30:33,2020-04-27T05:33:39,0:0,0:0,QOSGrpMemLimit
30078913,COMPLETED,2020-04-27T00:26:52,2020-04-27T05:33:21,2020-04-27T05:36:49,0:0,0:0,QOSGrpMemLimit
30079040,COMPLETED,2020-04-27T00:26:58,2020-04-27T05:33:40,2020-04-27T05:37:49,0:0,0:0,QOSGrpMemLimit
30079050,COMPLETED,2020-04-27T00:27:03,2020-04-27T05:36:49,2020-04-27T05:42:06,0:0,0:0,QOSGrpMemLimit
30079053,COMPLETED,2020-04-27T00:27:09,2020-04-27T05:38:09,2020-04-27T05:42:45,0:0,0:0,QOSGrpMemLimit
30079054,COMPLETED,2020-04-27T00:27:14,2020-04-27T05:42:08,2020-04-27T05:47:14,0:0,0:0,QOSGrpMemLimit
30079056,COMPLETED,2020-04-27T00:27:20,2020-04-27T05:42:48,2020-04-27T05:50:18,0:0,0:0,QOSGrpMemLimit
30079069,COMPLETED,2020-04-27T00:28:40,2020-04-27T05:47:17,2020-04-27T05:56:26,0:0,0:0,QOSGrpMemLimit
30079075,COMPLETED,2020-04-27T00:28:57,2020-04-27T05:50:24,2020-04-27T06:00:55,0:0,0:0,QOSGrpMemLimit
30079083,COMPLETED,2020-04-27T00:29:03,2020-04-27T05:56:27,2020-04-27T06:06:24,0:0,0:0,QOSGrpMemLimit
30079085,COMPLETED,2020-04-27T00:29:20,2020-04-27T06:00:55,2020-04-27T06:14:26,0:0,0:0,QOSGrpMemLimit
30079091,COMPLETED,2020-04-27T00:29:47,2020-04-27T06:06:25,2020-04-27T06:19:22,0:0,0:0,QOSGrpMemLimit
30079098,COMPLETED,2020-04-27T00:30:06,2020-04-27T06:14:28,2020-04-27T06:25:14,0:0,0:0,QOSGrpMemLimit
30079100,COMPLETED,2020-04-27T00:30:15,2020-04-27T06:19:35,2020-04-27T06:31:16,0:0,0:0,QOSGrpMemLimit
30079102,COMPLETED,2020-04-27T00:30:23,2020-04-27T06:25:15,2020-04-27T06:36:50,0:0,0:0,QOSGrpMemLimit
30079106,COMPLETED,2020-04-27T00:30:32,2020-04-27T06:31:17,2020-04-27T06:41:59,0:0,0:0,QOSGrpMemLimit
30079108,COMPLETED,2020-04-27T00:30:40,2020-04-27T06:36:50,2020-04-27T06:49:19,0:0,0:0,QOSGrpMemLimit
30079109,COMPLETED,2020-04-27T00:30:48,2020-04-27T06:41:59,2020-04-27T06:56:33,0:0,0:0,QOSGrpMemLimit
30079111,COMPLETED,2020-04-27T00:30:56,2020-04-27T06:49:20,2020-04-27T07:01:41,0:0,0:0,QOSGrpMemLimit
30079309,COMPLETED,2020-04-27T00:31:02,2020-04-27T06:56:33,2020-04-27T07:08:33,0:0,0:0,QOSGrpMemLimit
30079312,COMPLETED,2020-04-27T00:31:11,2020-04-27T07:01:41,2020-04-27T07:15:17,0:0,0:0,QOSGrpMemLimit
30079314,COMPLETED,2020-04-27T00:31:17,2020-04-27T07:08:35,2020-04-27T07:20:22,0:0,0:0,QOSGrpMemLimit
30079337,FAILED,2020-04-27T00:32:38,2020-04-27T07:15:20,2020-04-27T07:16:13,1:0,0:0,QOSGrpMemLimit
30079339,COMPLETED,2020-04-27T00:33:04,2020-04-27T07:16:13,2020-04-27T07:37:22,0:0,0:0,QOSGrpMemLimit
30079346,COMPLETED,2020-04-27T00:33:25,2020-04-27T07:20:26,2020-04-27T07:41:29,0:0,0:0,QOSGrpMemLimit
30079349,COMPLETED,2020-04-27T00:33:39,2020-04-27T07:37:34,2020-04-27T07:57:02,0:0,0:0,QOSGrpMemLimit
30079351,COMPLETED,2020-04-27T00:33:54,2020-04-27T07:41:29,2020-04-27T08:07:14,0:0,0:0,QOSGrpMemLimit
30079354,COMPLETED,2020-04-27T00:34:01,2020-04-27T07:57:05,2020-04-27T08:19:28,0:0,0:0,QOSGrpMemLimit
30079357,COMPLETED,2020-04-27T00:34:08,2020-04-27T08:07:17,2020-04-27T08:32:49,0:0,0:0,QOSGrpMemLimit
30079363,COMPLETED,2020-04-27T00:34:16,2020-04-27T08:19:36,2020-04-27T08:43:04,0:0,0:0,QOSGrpMemLimit
30079370,COMPLETED,2020-04-27T00:34:24,2020-04-27T08:32:49,2020-04-27T08:57:35,0:0,0:0,QOSGrpMemLimit
30079493,COMPLETED,2020-04-27T00:34:31,2020-04-27T08:43:12,2020-04-27T09:03:07,0:0,0:0,QOSGrpMemLimit
30079495,COMPLETED,2020-04-27T00:34:39,2020-04-27T08:57:38,2020-04-27T09:18:14,0:0,0:0,QOSGrpMemLimit
30079497,COMPLETED,2020-04-27T00:34:46,2020-04-27T09:03:07,2020-04-27T09:26:11,0:0,0:0,QOSGrpMemLimit
30079498,COMPLETED,2020-04-27T00:34:51,2020-04-27T09:18:16,2020-04-27T09:39:21,0:0,0:0,QOSGrpMemLimit
30079499,COMPLETED,2020-04-27T00:35:14,2020-04-27T09:26:18,2020-04-27T09:48:54,0:0,0:0,QOSGrpMemLimit
30079501,COMPLETED,2020-04-27T00:35:19,2020-04-27T09:39:21,2020-04-27T10:02:21,0:0,0:0,QOSGrpMemLimit
30079503,COMPLETED,2020-04-27T00:35:56,2020-04-27T09:48:55,2020-04-27T10:05:54,0:0,0:0,QOSGrpMemLimit
30079507,COMPLETED,2020-04-27T00:36:15,2020-04-27T10:02:21,2020-04-27T10:21:59,0:0,0:0,QOSGrpMemLimit
30079511,COMPLETED,2020-04-27T00:36:36,2020-04-27T10:05:56,2020-04-27T10:25:41,0:0,0:0,QOSGrpMemLimit
30079512,COMPLETED,2020-04-27T00:36:51,2020-04-27T10:21:59,2020-04-27T10:40:32,0:0,0:0,QOSGrpMemLimit
30079515,COMPLETED,2020-04-27T00:37:08,2020-04-27T10:25:41,2020-04-27T10:44:54,0:0,0:0,QOSGrpMemLimit
30079518,COMPLETED,2020-04-27T00:37:25,2020-04-27T10:40:34,2020-04-27T11:00:04,0:0,0:0,QOSGrpMemLimit
30079521,COMPLETED,2020-04-27T00:37:42,2020-04-27T10:44:54,2020-04-27T11:02:26,0:0,0:0,QOSGrpMemLimit
30079522,COMPLETED,2020-04-27T00:37:50,2020-04-27T11:00:05,2020-04-27T11:18:20,0:0,0:0,QOSGrpMemLimit
30079523,COMPLETED,2020-04-27T00:37:57,2020-04-27T11:02:26,2020-04-27T11:20:47,0:0,0:0,QOSGrpMemLimit
30079525,COMPLETED,2020-04-27T00:38:04,2020-04-27T11:18:24,2020-04-27T11:38:15,0:0,0:0,QOSGrpMemLimit
30079526,COMPLETED,2020-04-27T00:38:14,2020-04-27T11:20:58,2020-04-27T11:40:37,0:0,0:0,QOSGrpMemLimit
30079655,COMPLETED,2020-04-27T00:38:22,2020-04-27T11:38:20,2020-04-27T11:58:19,0:0,0:0,QOSGrpMemLimit
30079668,COMPLETED,2020-04-27T00:38:28,2020-04-27T11:40:39,2020-04-27T11:59:11,0:0,0:0,QOSGrpMemLimit
30079670,COMPLETED,2020-04-27T00:38:34,2020-04-27T11:58:21,2020-04-27T12:18:49,0:0,0:0,QOSGrpMemLimit
30079674,COMPLETED,2020-04-27T00:38:42,2020-04-27T11:59:15,2020-04-27T12:11:30,0:0,0:0,QOSGrpMemLimit
30079676,COMPLETED,2020-04-27T00:38:48,2020-04-27T12:11:30,2020-04-27T12:23:36,0:0,0:0,QOSGrpMemLimit
30079678,FAILED,2020-04-27T00:39:13,2020-04-27T12:18:51,2020-04-27T12:21:51,1:0,0:0,QOSGrpMemLimit
30079682,FAILED,2020-04-27T00:39:20,2020-04-27T12:22:00,2020-04-27T12:25:26,1:0,0:0,QOSGrpMemLimit
30079690,FAILED,2020-04-27T00:39:27,2020-04-27T12:23:37,2020-04-27T12:26:35,1:0,1:0,QOSGrpMemLimit
30079700,FAILED,2020-04-27T00:39:35,2020-04-27T12:25:32,2020-04-27T12:29:19,1:0,0:0,QOSGrpMemLimit
30079712,FAILED,2020-04-27T00:40:51,2020-04-27T12:26:37,2020-04-27T12:29:49,1:0,1:0,QOSGrpMemLimit
30079715,COMPLETED,2020-04-27T00:41:05,2020-04-27T12:29:19,2020-04-27T12:39:35,0:0,0:0,QOSGrpMemLimit
30079719,COMPLETED,2020-04-27T00:41:11,2020-04-27T12:29:50,2020-04-27T12:42:38,0:0,0:0,QOSGrpMemLimit
30079721,COMPLETED,2020-04-27T00:41:20,2020-04-27T12:39:41,2020-04-27T12:50:25,0:0,0:0,QOSGrpMemLimit
30079727,COMPLETED,2020-04-27T00:41:27,2020-04-27T12:42:41,2020-04-27T12:52:57,0:0,0:0,QOSGrpMemLimit
30079731,COMPLETED,2020-04-27T00:41:36,2020-04-27T12:50:28,2020-04-27T13:01:40,0:0,0:0,QOSGrpMemLimit
30079734,COMPLETED,2020-04-27T00:41:42,2020-04-27T12:52:58,2020-04-27T13:04:27,0:0,0:0,QOSGrpMemLimit
30079737,COMPLETED,2020-04-27T00:41:53,2020-04-27T13:01:46,2020-04-27T13:14:12,0:0,0:0,QOSGrpMemLimit
30079742,COMPLETED,2020-04-27T00:42:01,2020-04-27T13:04:38,2020-04-27T13:16:54,0:0,0:0,QOSGrpMemLimit
30079749,COMPLETED,2020-04-27T00:42:10,2020-04-27T13:14:13,2020-04-27T13:25:56,0:0,0:0,QOSGrpMemLimit
30079757,COMPLETED,2020-04-27T00:42:16,2020-04-27T13:16:55,2020-04-27T13:28:31,0:0,0:0,QOSGrpMemLimit
30079762,COMPLETED,2020-04-27T00:42:22,2020-04-27T13:26:00,2020-04-27T13:37:31,0:0,0:0,QOSGrpMemLimit
30079766,COMPLETED,2020-04-27T00:42:30,2020-04-27T13:28:32,2020-04-27T13:43:52,0:0,0:0,QOSGrpMemLimit
30079878,COMPLETED,2020-04-27T00:42:36,2020-04-27T13:37:31,2020-04-27T13:51:11,0:0,0:0,QOSGrpMemLimit
30079901,FAILED,2020-04-27T00:42:55,2020-04-27T13:43:53,2020-04-27T13:45:11,1:0,0:0,QOSGrpMemLimit
30079911,FAILED,2020-04-27T00:44:05,2020-04-27T13:45:11,2020-04-27T13:48:07,1:0,0:0,QOSGrpMemLimit
30079924,FAILED,2020-04-27T00:44:26,2020-04-27T13:48:30,2020-04-27T13:49:10,1:0,0:0,QOSGrpMemLimit
30079933,COMPLETED,2020-04-27T00:44:59,2020-04-27T13:49:10,2020-04-27T13:59:05,0:0,0:0,QOSGrpMemLimit
30079938,COMPLETED,2020-04-27T00:45:20,2020-04-27T13:51:11,2020-04-27T14:08:49,0:0,0:0,QOSGrpMemLimit
30079947,COMPLETED,2020-04-27T00:45:28,2020-04-27T13:59:05,2020-04-27T14:17:33,0:0,0:0,QOSGrpMemLimit
30079951,COMPLETED,2020-04-27T00:45:37,2020-04-27T14:08:52,2020-04-27T14:23:41,0:0,0:0,QOSGrpMemLimit
30079955,FAILED,2020-04-27T00:45:45,2020-04-27T14:17:33,2020-04-27T14:21:38,1:0,0:0,QOSGrpMemLimit
30079964,FAILED,2020-04-27T00:45:55,2020-04-27T14:21:38,2020-04-27T14:24:00,1:0,1:0,QOSGrpMemLimit
30079969,FAILED,2020-04-27T00:46:02,2020-04-27T14:23:47,2020-04-27T14:26:21,1:0,0:0,QOSGrpMemLimit
30079973,FAILED,2020-04-27T00:46:10,2020-04-27T14:24:00,2020-04-27T14:27:34,1:0,1:0,QOSGrpMemLimit
30080110,FAILED,2020-04-27T00:46:18,2020-04-27T14:26:22,2020-04-27T14:32:15,1:0,0:0,QOSGrpMemLimit
30080114,FAILED,2020-04-27T00:46:26,2020-04-27T14:27:40,2020-04-27T14:30:16,1:0,1:0,QOSGrpMemLimit
30080117,FAILED,2020-04-27T00:46:34,2020-04-27T14:30:39,2020-04-27T14:33:45,1:0,1:0,QOSGrpMemLimit
30080122,FAILED,2020-04-27T00:46:39,2020-04-27T14:32:26,2020-04-27T14:35:49,1:0,1:0,QOSGrpMemLimit
30080138,FAILED,2020-04-27T00:47:56,2020-04-27T14:33:49,2020-04-27T14:36:45,1:0,1:0,QOSGrpMemLimit
30080705,COMPLETED,2020-04-27T00:59:13,2020-04-27T14:35:52,2020-04-27T14:45:57,0:0,0:0,QOSGrpMemLimit
30080710,COMPLETED,2020-04-27T00:59:18,2020-04-27T14:36:45,2020-04-27T14:46:35,0:0,0:0,QOSGrpMemLimit
30080712,COMPLETED,2020-04-27T00:59:23,2020-04-27T14:45:57,2020-04-27T14:55:59,0:0,0:0,QOSGrpMemLimit
30080716,COMPLETED,2020-04-27T00:59:29,2020-04-27T14:46:40,2020-04-27T14:59:41,0:0,0:0,QOSGrpMemLimit
30080719,COMPLETED,2020-04-27T00:59:48,2020-04-27T14:56:03,2020-04-27T15:09:25,0:0,0:0,QOSGrpMemLimit
30080722,COMPLETED,2020-04-27T01:00:06,2020-04-27T14:59:41,2020-04-27T15:13:41,0:0,0:0,QOSGrpMemLimit
30080724,COMPLETED,2020-04-27T01:00:23,2020-04-27T15:09:36,2020-04-27T15:18:03,0:0,0:0,QOSGrpMemLimit
30080729,COMPLETED,2020-04-27T01:00:45,2020-04-27T15:13:53,2020-04-27T15:28:27,0:0,0:0,QOSGrpMemLimit
30080732,COMPLETED,2020-04-27T01:01:02,2020-04-27T15:18:03,2020-04-27T15:34:15,0:0,0:0,QOSGrpMemLimit
30080735,COMPLETED,2020-04-27T01:01:26,2020-04-27T15:28:29,2020-04-27T15:42:51,0:0,0:0,QOSGrpMemLimit
30080739,COMPLETED,2020-04-27T01:01:31,2020-04-27T15:34:35,2020-04-27T15:48:33,0:0,0:0,QOSGrpMemLimit
30080743,COMPLETED,2020-04-27T01:01:38,2020-04-27T15:42:51,2020-04-27T15:59:15,0:0,0:0,QOSGrpMemLimit
30080745,COMPLETED,2020-04-27T01:01:50,2020-04-27T15:48:36,2020-04-27T16:04:09,0:0,0:0,QOSGrpMemLimit
30080747,COMPLETED,2020-04-27T01:01:57,2020-04-27T15:59:15,2020-04-27T16:13:14,0:0,0:0,QOSGrpMemLimit
30080749,COMPLETED,2020-04-27T01:02:05,2020-04-27T16:04:11,2020-04-27T16:18:01,0:0,0:0,QOSGrpMemLimit
30080750,COMPLETED,2020-04-27T01:02:12,2020-04-27T16:13:17,2020-04-27T16:29:58,0:0,0:0,QOSGrpMemLimit
30080751,COMPLETED,2020-04-27T01:02:20,2020-04-27T16:18:01,2020-04-27T16:33:39,0:0,0:0,QOSGrpMemLimit
30080784,COMPLETED,2020-04-27T01:02:29,2020-04-27T16:30:07,2020-04-27T16:44:14,0:0,0:0,QOSGrpMemLimit
30080789,COMPLETED,2020-04-27T01:02:35,2020-04-27T16:33:43,2020-04-27T16:48:36,0:0,0:0,QOSGrpMemLimit
30080791,COMPLETED,2020-04-27T01:02:40,2020-04-27T16:44:15,2020-04-27T17:00:05,0:0,0:0,QOSGrpMemLimit
30080795,COMPLETED,2020-04-27T01:02:49,2020-04-27T16:49:20,2020-04-27T17:08:11,0:0,0:0,QOSGrpMemLimit
30080798,COMPLETED,2020-04-27T01:02:55,2020-04-27T17:00:09,2020-04-27T17:14:01,0:0,0:0,QOSGrpMemLimit
30080899,COMPLETED,2020-04-27T01:03:02,2020-04-27T17:08:17,2020-04-27T17:26:00,0:0,0:0,QOSGrpMemLimit
30080904,COMPLETED,2020-04-27T01:03:07,2020-04-27T17:14:07,2020-04-27T17:30:58,0:0,0:0,QOSGrpMemLimit
30080907,COMPLETED,2020-04-27T01:03:12,2020-04-27T17:26:01,2020-04-27T17:41:23,0:0,0:0,QOSGrpMemLimit
30080910,COMPLETED,2020-04-27T01:03:17,2020-04-27T17:30:59,2020-04-27T17:46:41,0:0,0:0,QOSGrpMemLimit
30080913,COMPLETED,2020-04-27T01:03:23,2020-04-27T17:41:35,2020-04-27T17:53:49,0:0,0:0,QOSGrpMemLimit
30080936,COMPLETED,2020-04-27T01:03:28,2020-04-27T17:46:55,2020-04-27T17:59:45,0:0,0:0,QOSGrpMemLimit
30080942,COMPLETED,2020-04-27T01:03:58,2020-04-27T17:53:59,2020-04-27T18:05:18,0:0,0:0,QOSGrpMemLimit
30080944,TIMEOUT,2020-04-27T01:04:18,2020-04-27T17:59:47,2020-04-27T18:29:55,0:0,0:0,QOSGrpMemLimit
30081497,COMPLETED,2020-04-27T01:15:25,2020-04-27T18:05:29,2020-04-27T18:15:03,0:0,0:0,QOSGrpMemLimit
30081498,COMPLETED,2020-04-27T01:15:31,2020-04-27T18:15:04,2020-04-27T18:24:09,0:0,0:0,QOSGrpMemLimit
30081500,COMPLETED,2020-04-27T01:15:37,2020-04-27T18:24:22,2020-04-27T18:36:39,0:0,0:0,QOSGrpMemLimit
30081501,COMPLETED,2020-04-27T01:15:43,2020-04-27T18:30:07,2020-04-27T18:42:06,0:0,0:0,QOSGrpMemLimit
30081502,COMPLETED,2020-04-27T01:16:30,2020-04-27T18:36:39,2020-04-27T18:49:17,0:0,0:0,QOSGrpMemLimit
30081507,COMPLETED,2020-04-27T01:16:37,2020-04-27T18:42:06,2020-04-27T18:54:14,0:0,0:0,QOSGrpMemLimit
30081508,COMPLETED,2020-04-27T01:16:53,2020-04-27T18:49:43,2020-04-27T19:01:41,0:0,0:0,QOSGrpMemLimit
30081510,COMPLETED,2020-04-27T01:17:10,2020-04-27T18:54:16,2020-04-27T19:05:45,0:0,0:0,QOSGrpMemLimit
30081511,COMPLETED,2020-04-27T01:17:24,2020-04-27T19:01:43,2020-04-27T19:14:22,0:0,0:0,QOSGrpMemLimit
30081513,COMPLETED,2020-04-27T01:17:42,2020-04-27T19:05:45,2020-04-27T19:17:04,0:0,0:0,QOSGrpMemLimit
30081519,COMPLETED,2020-04-27T01:17:58,2020-04-27T19:14:22,2020-04-27T19:26:42,0:0,0:0,QOSGrpMemLimit
30081521,COMPLETED,2020-04-27T01:18:06,2020-04-27T19:17:04,2020-04-27T19:28:36,0:0,0:0,QOSGrpMemLimit
30081523,COMPLETED,2020-04-27T01:18:12,2020-04-27T19:26:42,2020-04-27T19:38:41,0:0,0:0,QOSGrpMemLimit
30081524,COMPLETED,2020-04-27T01:18:20,2020-04-27T19:28:36,2020-04-27T19:40:30,0:0,0:0,QOSGrpMemLimit
30081530,COMPLETED,2020-04-27T01:18:29,2020-04-27T19:38:42,2020-04-27T19:50:35,0:0,0:0,QOSGrpMemLimit
30081536,COMPLETED,2020-04-27T01:18:35,2020-04-27T19:40:32,2020-04-27T19:54:04,0:0,0:0,QOSGrpMemLimit
30081541,COMPLETED,2020-04-27T01:18:47,2020-04-27T19:50:41,2020-04-27T20:02:12,0:0,0:0,QOSGrpMemLimit
30081558,COMPLETED,2020-04-27T01:18:55,2020-04-27T19:54:04,2020-04-27T20:05:31,0:0,0:0,QOSGrpMemLimit
30081564,COMPLETED,2020-04-27T01:19:02,2020-04-27T20:02:18,2020-04-27T20:16:45,0:0,0:0,QOSGrpMemLimit
30081602,COMPLETED,2020-04-27T01:19:08,2020-04-27T20:05:43,2020-04-27T20:16:56,0:0,0:0,QOSGrpMemLimit
30081604,COMPLETED,2020-04-27T01:19:14,2020-04-27T20:16:45,2020-04-27T20:27:23,0:0,0:0,QOSGrpMemLimit
30081605,COMPLETED,2020-04-27T01:19:19,2020-04-27T20:16:56,2020-04-27T20:31:13,0:0,0:0,QOSGrpMemLimit
30081607,COMPLETED,2020-04-27T01:19:25,2020-04-27T20:27:24,2020-04-27T20:41:09,0:0,0:0,QOSGrpMemLimit
30081608,COMPLETED,2020-04-27T01:19:31,2020-04-27T20:31:13,2020-04-27T20:42:06,0:0,0:0,QOSGrpMemLimit
30081609,COMPLETED,2020-04-27T01:19:51,2020-04-27T20:41:14,2020-04-27T20:51:55,0:0,0:0,QOSGrpMemLimit
30081617,COMPLETED,2020-04-27T01:20:09,2020-04-27T20:42:08,2020-04-27T20:55:16,0:0,0:0,QOSGrpMemLimit
30081622,COMPLETED,2020-04-27T01:20:17,2020-04-27T20:51:58,2020-04-27T21:02:26,0:0,0:0,QOSGrpMemLimit
30081625,COMPLETED,2020-04-27T01:20:23,2020-04-27T20:55:22,2020-04-27T21:08:55,0:0,0:0,QOSGrpMemLimit
30116588,COMPLETED,2020-04-27T21:29:45,2020-04-27T21:29:48,2020-04-27T21:33:12,0:0,0:0,None
30116808,COMPLETED,2020-04-27T21:33:27,2020-04-27T21:33:31,2020-04-27T21:37:27,0:0,0:0,None
30116812,COMPLETED,2020-04-27T21:33:43,2020-04-27T21:33:47,2020-04-27T21:37:34,0:0,0:0,None
30116813,COMPLETED,2020-04-27T21:33:58,2020-04-27T21:37:27,2020-04-27T21:38:28,0:0,0:0,QOSGrpMemLimit
30116864,COMPLETED,2020-04-27T21:34:54,2020-04-27T21:37:38,2020-04-27T21:38:28,0:0,0:0,QOSGrpMemLimit
30117795,TIMEOUT,2020-04-27T21:58:02,2020-04-27T21:58:05,2020-04-27T22:38:10,0:0,1:0,None
30117798,COMPLETED,2020-04-27T21:58:06,2020-04-27T22:38:11,2020-04-27T22:41:34,0:0,1:0,QOSGrpMemLimit
30117799,COMPLETED,2020-04-27T21:58:09,2020-04-27T22:41:40,2020-04-27T22:41:47,0:0,0:0,QOSGrpMemLimit
30117801,COMPLETED,2020-04-27T21:58:16,2020-04-27T22:41:50,2020-04-27T22:41:55,0:0,0:0,QOSGrpMemLimit
30117859,COMPLETED,2020-04-27T21:59:21,2020-04-27T22:41:56,2020-04-27T22:43:13,0:0,1:0,QOSGrpMemLimit
30117861,COMPLETED,2020-04-27T21:59:26,2020-04-27T22:43:13,2020-04-27T23:02:04,0:0,1:0,QOSGrpMemLimit
30117944,COMPLETED,2020-04-27T22:00:29,2020-04-27T23:02:10,2020-04-27T23:05:01,0:0,1:0,QOSGrpMemLimit
30117945,COMPLETED,2020-04-27T22:00:32,2020-04-27T23:05:04,2020-04-27T23:07:00,0:0,1:0,QOSGrpMemLimit
30118001,COMPLETED,2020-04-27T22:00:38,2020-04-27T23:07:01,2020-04-27T23:07:16,0:0,0:0,QOSGrpMemLimit
30118003,COMPLETED,2020-04-27T22:00:40,2020-04-27T23:07:16,2020-04-27T23:14:08,0:0,1:0,QOSGrpMemLimit
30118005,COMPLETED,2020-04-27T22:00:44,2020-04-27T23:14:09,2020-04-27T23:24:20,0:0,1:0,QOSGrpMemLimit
30118008,COMPLETED,2020-04-27T22:00:46,2020-04-27T23:24:21,2020-04-27T23:37:45,0:0,1:0,QOSGrpMemLimit
30118013,COMPLETED,2020-04-27T22:00:51,2020-04-27T23:37:46,2020-04-27T23:56:46,0:0,1:0,QOSGrpMemLimit
30118016,COMPLETED,2020-04-27T22:00:54,2020-04-27T23:56:49,2020-04-28T00:01:34,0:0,1:0,QOSGrpMemLimit
30118017,COMPLETED,2020-04-27T22:00:56,2020-04-28T00:01:36,2020-04-28T00:01:49,0:0,0:0,QOSGrpMemLimit
30118018,COMPLETED,2020-04-27T22:00:59,2020-04-28T00:02:00,2020-04-28T00:02:41,0:0,0:0,QOSGrpMemLimit
30118085,COMPLETED,2020-04-27T22:02:01,2020-04-28T00:02:56,2020-04-28T00:24:45,0:0,1:0,QOSGrpMemLimit
30118150,COMPLETED,2020-04-27T22:03:18,2020-04-28T00:24:50,2020-04-28T01:04:34,0:0,1:0,QOSGrpMemLimit
30124276,CANCELLED by 58102,2020-04-28T00:22:36,2020-04-28T00:28:32,2020-04-28T00:28:32,0:0,0:0,None
30124280,CANCELLED by 58102,2020-04-28T00:22:43,2020-04-28T00:28:33,2020-04-28T00:28:33,0:0,0:0,QOSGrpMemLimit
30124284,CANCELLED by 58102,2020-04-28T00:22:57,2020-04-28T00:28:31,2020-04-28T00:28:31,0:0,0:0,QOSGrpMemLimit
30124286,CANCELLED by 58102,2020-04-28T00:23:03,2020-04-28T00:28:34,2020-04-28T00:28:34,0:0,0:0,QOSGrpMemLimit
30124289,CANCELLED by 58102,2020-04-28T00:23:15,2020-04-28T00:28:33,2020-04-28T00:28:33,0:0,0:0,None
30124291,CANCELLED by 58102,2020-04-28T00:23:39,2020-04-28T00:28:33,2020-04-28T00:28:33,0:0,0:0,None
30124295,CANCELLED by 58102,2020-04-28T00:23:54,2020-04-28T00:28:33,2020-04-28T00:28:33,0:0,0:0,None
30124301,CANCELLED by 58102,2020-04-28T00:24:07,2020-04-28T00:28:34,2020-04-28T00:28:34,0:0,0:0,None
30124306,CANCELLED by 58102,2020-04-28T00:24:21,2020-04-28T00:28:33,2020-04-28T00:28:33,0:0,0:0,None
30124308,CANCELLED by 58102,2020-04-28T00:24:31,2020-04-28T00:28:34,2020-04-28T00:28:34,0:0,0:0,QOSGrpMemLimit
30124311,CANCELLED by 58102,2020-04-28T00:24:39,2020-04-28T00:28:33,2020-04-28T00:28:33,0:0,0:0,None
30124316,CANCELLED by 58102,2020-04-28T00:24:56,2020-04-28T00:28:33,2020-04-28T00:28:33,0:0,0:0,None
30124323,CANCELLED by 58102,2020-04-28T00:25:15,2020-04-28T00:28:34,2020-04-28T00:28:34,0:0,0:0,None
30124325,CANCELLED by 58102,2020-04-28T00:25:28,2020-04-28T00:28:34,2020-04-28T00:28:34,0:0,0:0,None
30124328,CANCELLED by 58102,2020-04-28T00:25:33,2020-04-28T00:28:34,2020-04-28T00:28:34,0:0,0:0,None
30124331,CANCELLED by 58102,2020-04-28T00:25:42,2020-04-28T00:28:33,2020-04-28T00:28:33,0:0,0:0,None
30124340,CANCELLED by 58102,2020-04-28T00:25:53,2020-04-28T00:28:33,2020-04-28T00:28:33,0:0,0:0,None
30124345,CANCELLED by 58102,2020-04-28T00:26:01,2020-04-28T00:28:34,2020-04-28T00:28:34,0:0,0:0,None
30124347,CANCELLED by 58102,2020-04-28T00:26:11,2020-04-28T00:28:34,2020-04-28T00:28:34,0:0,0:0,None
30124350,CANCELLED by 58102,2020-04-28T00:26:22,2020-04-28T00:28:34,2020-04-28T00:28:34,0:0,0:0,None
30124428,FAILED,2020-04-28T00:29:16,2020-04-28T00:29:16,2020-04-28T00:32:18,1:0,0:0,None
30124454,COMPLETED,2020-04-28T00:32:38,2020-04-28T01:04:39,2020-04-28T01:12:22,0:0,0:0,QOSGrpMemLimit
30124457,COMPLETED,2020-04-28T00:32:52,2020-04-28T01:12:23,2020-04-28T01:25:12,0:0,0:0,QOSGrpMemLimit
30124458,COMPLETED,2020-04-28T00:32:59,2020-04-28T01:25:16,2020-04-28T01:32:41,0:0,0:0,QOSGrpMemLimit
30124459,COMPLETED,2020-04-28T00:33:07,2020-04-28T01:32:46,2020-04-28T01:40:24,0:0,0:0,QOSGrpMemLimit
30124461,COMPLETED,2020-04-28T00:33:18,2020-04-28T01:40:36,2020-04-28T01:48:33,0:0,0:0,QOSGrpMemLimit
30124462,FAILED,2020-04-28T00:33:26,2020-04-28T01:48:33,2020-04-28T01:48:58,1:0,0:15,QOSGrpMemLimit
30124464,COMPLETED,2020-04-28T00:33:38,2020-04-28T01:48:58,2020-04-28T01:58:59,0:0,0:0,QOSGrpMemLimit
30124469,COMPLETED,2020-04-28T00:33:49,2020-04-28T01:59:03,2020-04-28T02:06:34,0:0,0:0,QOSGrpMemLimit
30124471,COMPLETED,2020-04-28T00:34:01,2020-04-28T02:06:55,2020-04-28T02:14:30,0:0,0:0,QOSGrpMemLimit
30124472,COMPLETED,2020-04-28T00:34:08,2020-04-28T02:14:50,2020-04-28T02:25:29,0:0,0:0,QOSGrpMemLimit
30124474,COMPLETED,2020-04-28T00:34:17,2020-04-28T02:25:41,2020-04-28T02:32:58,0:0,0:0,QOSGrpMemLimit
30124475,COMPLETED,2020-04-28T00:34:24,2020-04-28T02:33:05,2020-04-28T02:40:41,0:0,0:0,QOSGrpMemLimit
30124477,COMPLETED,2020-04-28T00:34:36,2020-04-28T02:40:46,2020-04-28T02:48:25,0:0,0:0,QOSGrpMemLimit
30124481,COMPLETED,2020-04-28T00:34:42,2020-04-28T02:48:26,2020-04-28T02:55:50,0:0,0:0,QOSGrpMemLimit
30124486,COMPLETED,2020-04-28T00:34:50,2020-04-28T02:55:55,2020-04-28T03:05:00,0:0,0:0,QOSGrpMemLimit
30124490,COMPLETED,2020-04-28T00:34:57,2020-04-28T03:05:00,2020-04-28T03:12:11,0:0,0:0,QOSGrpMemLimit
30124492,COMPLETED,2020-04-28T00:35:11,2020-04-28T03:12:20,2020-04-28T03:21:39,0:0,0:0,QOSGrpMemLimit
30124494,COMPLETED,2020-04-28T00:35:17,2020-04-28T03:21:41,2020-04-28T03:28:52,0:0,0:0,QOSGrpMemLimit
30124498,COMPLETED,2020-04-28T00:35:30,2020-04-28T03:29:03,2020-04-28T03:39:53,0:0,0:0,QOSGrpMemLimit
30124500,COMPLETED,2020-04-28T00:35:38,2020-04-28T03:39:55,2020-04-28T03:48:14,0:0,0:0,QOSGrpMemLimit
30124502,COMPLETED,2020-04-28T00:35:48,2020-04-28T03:48:14,2020-04-28T03:58:32,0:0,0:0,QOSGrpMemLimit
30124506,COMPLETED,2020-04-28T00:35:57,2020-04-28T03:58:32,2020-04-28T04:07:32,0:0,0:0,QOSGrpMemLimit
30124508,COMPLETED,2020-04-28T00:36:06,2020-04-28T04:07:44,2020-04-28T04:16:53,0:0,0:0,QOSGrpMemLimit
30124514,COMPLETED,2020-04-28T00:36:15,2020-04-28T04:16:53,2020-04-28T04:24:50,0:0,0:0,QOSGrpMemLimit
30124517,COMPLETED,2020-04-28T00:36:21,2020-04-28T04:24:59,2020-04-28T04:32:12,0:0,0:0,QOSGrpMemLimit
30124520,COMPLETED,2020-04-28T00:36:29,2020-04-28T04:32:17,2020-04-28T04:39:29,0:0,0:0,QOSGrpMemLimit
30124524,COMPLETED,2020-04-28T00:36:39,2020-04-28T04:39:34,2020-04-28T04:46:44,0:0,0:0,QOSGrpMemLimit
30124527,COMPLETED,2020-04-28T00:36:47,2020-04-28T04:46:44,2020-04-28T04:54:32,0:0,0:0,QOSGrpMemLimit
30124530,COMPLETED,2020-04-28T00:36:55,2020-04-28T04:54:34,2020-04-28T05:01:54,0:0,0:0,QOSGrpMemLimit
30124533,COMPLETED,2020-04-28T00:37:03,2020-04-28T05:01:59,2020-04-28T05:09:08,0:0,0:0,QOSGrpMemLimit
30124535,COMPLETED,2020-04-28T00:37:11,2020-04-28T05:09:11,2020-04-28T05:16:35,0:0,0:0,QOSGrpMemLimit
30124540,COMPLETED,2020-04-28T00:37:19,2020-04-28T05:16:35,2020-04-28T05:23:58,0:0,0:0,QOSGrpMemLimit
30124543,COMPLETED,2020-04-28T00:37:28,2020-04-28T05:24:02,2020-04-28T05:32:16,0:0,0:0,QOSGrpMemLimit
30124546,COMPLETED,2020-04-28T00:37:37,2020-04-28T05:32:18,2020-04-28T05:42:33,0:0,0:0,QOSGrpMemLimit
30124550,COMPLETED,2020-04-28T00:37:43,2020-04-28T05:42:33,2020-04-28T05:49:54,0:0,0:0,QOSGrpMemLimit
30124552,COMPLETED,2020-04-28T00:37:51,2020-04-28T05:50:00,2020-04-28T05:57:00,0:0,0:0,QOSGrpMemLimit
30124556,COMPLETED,2020-04-28T00:37:59,2020-04-28T05:57:03,2020-04-28T06:04:14,0:0,0:0,QOSGrpMemLimit
30124558,COMPLETED,2020-04-28T00:38:07,2020-04-28T06:04:15,2020-04-28T06:11:18,0:0,0:0,QOSGrpMemLimit
30124562,COMPLETED,2020-04-28T00:38:13,2020-04-28T06:11:18,2020-04-28T06:19:00,0:0,0:0,QOSGrpMemLimit
30124565,COMPLETED,2020-04-28T00:38:18,2020-04-28T06:19:03,2020-04-28T06:26:10,0:0,0:0,QOSGrpMemLimit
30124567,COMPLETED,2020-04-28T00:38:24,2020-04-28T06:26:10,2020-04-28T06:35:27,0:0,0:0,QOSGrpMemLimit
30124569,COMPLETED,2020-04-28T00:38:33,2020-04-28T06:35:30,2020-04-28T06:42:41,0:0,0:0,QOSGrpMemLimit
30124570,COMPLETED,2020-04-28T00:38:40,2020-04-28T06:42:42,2020-04-28T06:50:22,0:0,0:0,QOSGrpMemLimit
30124571,COMPLETED,2020-04-28T00:38:47,2020-04-28T06:50:30,2020-04-28T07:00:59,0:0,0:0,QOSGrpMemLimit
30124572,COMPLETED,2020-04-28T00:38:58,2020-04-28T07:01:03,2020-04-28T07:08:21,0:0,0:0,QOSGrpMemLimit
30124573,COMPLETED,2020-04-28T00:39:11,2020-04-28T07:08:24,2020-04-28T07:17:29,0:0,0:0,QOSGrpMemLimit
30181247,CANCELLED by 58102,2020-04-29T18:02:37,2020-04-29T18:08:38,2020-04-29T18:08:38,0:0,0:0,None
30185041,FAILED,2020-04-29T20:46:26,2020-04-29T20:46:26,2020-04-29T20:53:15,2:0,0:0,None
30185077,COMPLETED,2020-04-29T20:53:37,2020-04-29T20:53:37,2020-04-29T21:06:14,0:0,0:0,None
30185284,COMPLETED,2020-04-29T21:12:58,2020-04-29T21:15:28,2020-04-29T21:25:43,0:0,0:0,None
30186376,COMPLETED,2020-04-29T22:46:28,2020-04-29T22:46:28,2020-04-29T23:00:56,0:0,0:0,None
30186378,COMPLETED,2020-04-29T22:46:36,2020-04-29T22:46:36,2020-04-29T23:00:56,0:0,0:0,None
30186379,COMPLETED,2020-04-29T22:46:45,2020-04-29T23:01:05,2020-04-29T23:12:44,0:0,0:0,QOSGrpMemLimit
30186380,COMPLETED,2020-04-29T22:46:52,2020-04-29T23:01:05,2020-04-29T23:12:49,0:0,0:0,QOSGrpMemLimit
30186381,COMPLETED,2020-04-29T22:47:00,2020-04-29T23:12:45,2020-04-29T23:24:13,0:0,0:0,QOSGrpMemLimit
30186382,COMPLETED,2020-04-29T22:47:10,2020-04-29T23:12:50,2020-04-29T23:24:51,0:0,0:0,QOSGrpMemLimit
30186384,COMPLETED,2020-04-29T22:47:17,2020-04-29T23:24:16,2020-04-29T23:47:50,0:0,0:0,QOSGrpMemLimit
30186385,COMPLETED,2020-04-29T22:47:23,2020-04-29T23:24:54,2020-04-29T23:36:12,0:0,0:0,QOSGrpMemLimit
30203282,COMPLETED,2020-04-30T11:17:54,2020-04-30T11:17:54,2020-04-30T11:19:16,0:0,0:0,None
30203289,COMPLETED,2020-04-30T11:18:15,2020-04-30T11:18:16,2020-04-30T11:19:37,0:0,0:0,None
30203702,COMPLETED,2020-04-30T11:30:32,2020-04-30T11:30:33,2020-04-30T11:32:12,0:0,0:0,None
30203722,COMPLETED,2020-04-30T11:31:19,2020-04-30T11:32:19,2020-04-30T11:36:48,0:0,0:0,QOSGrpMemLimit
30203728,COMPLETED,2020-04-30T11:31:31,2020-04-30T11:36:54,2020-04-30T11:40:54,0:0,0:0,QOSGrpMemLimit
30204571,COMPLETED,2020-04-30T12:13:32,2020-04-30T12:13:40,2020-04-30T12:27:36,0:0,1:0,None
